{"situacaodoimovelderesidencia": {"Propria": 0.05476175082433568, "Alugada": 0.1058648111332008, "Cedida": 0.08847926267281106, "Outros": 0.06547381047580968}, "situacaoimoveldeatividade": {"Propria": 0.0677382319173364, "Alugada": 0.10472848171407462, "Outros": 0.060223756248512256}, "tipodeponto": {"Ambulante": 0.06503500240474537, "Fixo": 0.0733715828552143}, "formacaoescolar": {"Fundamental": 0.06568736141906874, "Médio": 0.06748376741810753, "Superior": 0.03405698778833107, "Pós-Graduação": 0.032562125107112254, "Sem Instrução": 0.07368421052631578, "Outros": 0.11541486433346441}, "constituicao": {"Informal": 0.07458359037631092, "M.E.I.": 0.05495847581827064, "Microempresa": 0.035196921684019916, "Outros": 0.09975646309479205, "E.P.P.": 0.06993006993006994}, "pessoafisicajuridica": {"F": 0.07876588021778584, "J": 0.06650787834371565, "Não Informado": 0.06174151333818019}, "finalidadeemprestimo": {"Giro": 0.04977221309697214, "Fixo": 0.0958885398169649, "Misto": 0.08294239069243761, "Outros": 0.0}, "conceitospc": {"S": 0.47516714422158546, "Não Informado": 0.003231419338801889, "N": 0.008897095853617592, "B": 0.07633196721311475, "C": 0.10103626943005181, "A": 0.03626220362622036, "D": 0.1295238095238095, "E": 0.2011173184357542, "F": 0.35402298850574715}}