{"situacaodoimovelderesidencia": {"Propria": 0.0558608650675632, "Alugada": 0.10151590457256461, "Cedida": 0.08202764976958525, "Outros": 0.06737305077968812}, "situacaoimoveldeatividade": {"Propria": 0.06762342135476464, "Alugada": 0.10749907646841522, "Outros": 0.05859149182167511}, "tipodeponto": {"Ambulante": 0.06500828301180997, "Fixo": 0.06979412757340533}, "formacaoescolar": {"Fundamental": 0.06587213599408721, "Médio": 0.06843218793317284, "Superior": 0.036635006784260515, "Pós-Graduação": 0.032562125107112254, "Sem Instrução": 0.08947368421052632, "Outros": 0.11620133700353913}, "constituicao": {"Informal": 0.07458359037631092, "M.E.I.": 0.054836345872007815, "Microempresa": 0.034291534631054776, "Outros": 0.09788310228550019, "E.P.P.": 0.06993006993006994}, "pessoafisicajuridica": {"F": 0.07867513611615246, "J": 0.06888970318798095, "Não Informado": 0.060706895587495105}, "finalidadeemprestimo": {"Giro": 0.0500511358353736, "Fixo": 0.097869143559623, "Misto": 0.0821917808219178, "Outros": 0.0}, "conceitospc": {"S": 0.470152817574021, "Não Informado": 0.0031899908857403263, "N": 0.0099882491186839, "B": 0.07684426229508197, "C": 0.10129533678756476, "A": 0.0397489539748954, "D": 0.1434920634920635, "E": 0.18994413407821228, "F": 0.3482758620689655}}