{"situacaodoimovelderesidencia": {"Propria": 0.05589319195706989, "Alugada": 0.10511928429423459, "Cedida": 0.0869431643625192, "Outros": 0.06547381047580968}, "situacaoimoveldeatividade": {"Propria": 0.0679678530424799, "Alugada": 0.10620613224972295, "Outros": 0.05913557996395416}, "tipodeponto": {"Ambulante": 0.06404638486613584, "Fixo": 0.07505906176172798}, "formacaoescolar": {"Fundamental": 0.06411677753141168, "Médio": 0.06945356387247392, "Superior": 0.036635006784260515, "Pós-Graduação": 0.026563838903170524, "Sem Instrução": 0.06315789473684211, "Outros": 0.1146283916633897}, "constituicao": {"Informal": 0.0769278223318939, "M.E.I.": 0.05257694186614558, "Microempresa": 0.03338614757808964, "Outros": 0.09928812289246909, "E.P.P.": 0.08391608391608392}, "pessoafisicajuridica": {"F": 0.07740471869328494, "J": 0.0672407475265665, "Não Informado": 0.06409037525865444}, "conceitospc": {"S": 0.4691977077363897, "Não Informado": 0.0031485624326787636, "N": 0.009316770186335404, "B": 0.07581967213114754, "C": 0.09974093264248704, "A": 0.0397489539748954, "D": 0.1295238095238095, "E": 0.1787709497206704, "F": 0.335632183908046}}