{"situacaodoimovelderesidencia": {"Propria": 0.0546970970453223, "Alugada": 0.10126739562624254, "Cedida": 0.0792626728110599, "Outros": 0.06477409036385445}, "situacaoimoveldeatividade": {"Propria": 0.06647531572904707, "Alugada": 0.09955670483930551, "Outros": 0.05818342571496583}, "tipodeponto": {"Ambulante": 0.06404638486613584, "Fixo": 0.07330408369895376}, "formacaoescolar": {"Fundamental": 0.06753510716925351, "Médio": 0.06755672284234333, "Superior": 0.0350067842605156, "Pós-Graduação": 0.03513281919451585, "Sem Instrução": 0.07631578947368421, "Outros": 0.11030279197797876}, "constituicao": {"Informal": 0.07378161628624307, "M.E.I.": 0.05300439667806546, "Microempresa": 0.03497057492077863, "Outros": 0.1049082053203447, "E.P.P.": 0.06293706293706294}, "pessoafisicajuridica": {"F": 0.0808529945553539, "J": 0.06687431293514108, "Não Informado": 0.06210502768301549}, "produto": {"MICROCRÉDITO": 0.058679360889852476, "MICROCRÉDITO SOCIAL": 0.07385321100917432, "BLUSOL CONSTRUIR": 0.08163265306122448, "BLUSOL REFORMAR": 0.06718346253229975, "CRÉDITO SOCIAL": 0.08333333333333333, "CONSUMO": 0.11793611793611794}, "finalidadeemprestimo": {"Giro": 0.0516626894350265, "Fixo": 0.09534216637071438, "Misto": 0.09213736160630512, "Outros": 0.0}, "conceitospc": {"S": 0.4677650429799427, "Não Informado": 0.0031899908857403263, "N": 0.008981030720161156, "B": 0.07223360655737705, "C": 0.10077720207253886, "A": 0.03905160390516039, "D": 0.13777777777777778, "E": 0.18156424581005587, "F": 0.33793103448275863}}