{"situacaodoimovelderesidencia": {"mean": 0.0667287604081133, "std": 0.016462766021254547}, "nropessoasnacasa": {"mean": 2.199421909994066, "std": 2.5538502051479}, "situacaoimoveldeatividade": {"mean": 0.06667215286513575, "std": 0.01448512874380122}, "tipodeponto": {"mean": 0.06636549836335444, "std": 0.0021571816652204657}, "formacaoescolar": {"mean": 0.06741899437891012, "std": 0.019927830166207503}, "constituicao": {"mean": 0.06632699125675323, "std": 0.02096796027413457}, "pessoafisicajuridica": {"mean": 0.06535230357412476, "std": 0.00731606202896877}, "nrodefuncionarios": {"mean": 0.3257307478800176, "std": 5.542903698388543}, "rendafamiliarmensal": {"mean": 4092.366399762639, "std": 84551.9388746448}, "totaldasreceitas": {"mean": 6336.929003369002, "std": 309638.1849997611}, "finalidadeemprestimo": {"mean": 0.06673013408188548, "std": 0.02163808065398263}, "valoremprestado": {"mean": 5442.571278306311, "std": 4965.508885155815}, "quantidadeparcelas": {"mean": 14.647661798204476, "std": 8.030702880785812}, "conceitospc": {"mean": 0.06718854932815937, "std": 0.13177775554222831}}