{"situacaodoimovelderesidencia": {"mean": 0.06678613442449119, "std": 0.018722198612670382}, "nropessoasnacasa": {"mean": 2.199421909994066, "std": 2.5538502051479}, "situacaoimoveldeatividade": {"mean": 0.06734209711002657, "std": 0.013169872464298996}, "tipodeponto": {"mean": 0.06739916923489213, "std": 0.003757647843955914}, "formacaoescolar": {"mean": 0.06632774954485963, "std": 0.020203435640840796}, "constituicao": {"mean": 0.06690123492206582, "std": 0.021299193301636994}, "pessoafisicajuridica": {"mean": 0.06583086567440856, "std": 0.006840473369054724}, "nrodefuncionarios": {"mean": 0.3257307478800176, "std": 5.542903698388543}, "rendafamiliarmensal": {"mean": 4092.366399762639, "std": 84551.9388746448}, "totaldasreceitas": {"mean": 6336.929003369002, "std": 309638.1849997611}, "finalidadeemprestimo": {"mean": 0.06607928531746919, "std": 0.021036382754873125}, "taxaaomes": {"mean": 0.03612041386085642, "std": 0.00864692420581228}, "valoremprestado": {"mean": 5442.571278306311, "std": 4965.508885155815}, "quantidadeparcelas": {"mean": 14.647661798204476, "std": 8.030702880785812}, "conceitospc": {"mean": 0.06695886348077039, "std": 0.13317958442116873}, "valorparcela": {"mean": 536.3547631566651, "std": 895.9590022943623}, "pesoparcela": {"mean": 0.16538435685961078, "std": 0.23296005712365275}}