{"situacaodoimovelderesidencia": {"mean": 0.06724556166519627, "std": 0.017946010646434606}, "nropessoasnacasa": {"mean": 2.309985717688353, "std": 2.5495297240076176}, "situacaoimoveldeatividade": {"mean": 0.0669592679914714, "std": 0.013944260348013646}, "tipodeponto": {"mean": 0.0671694645967008, "std": 0.0049638771962610545}, "formacaoescolar": {"mean": 0.0671124616291877, "std": 0.01981046696030458}, "constituicao": {"mean": 0.06651842077770041, "std": 0.022371835637472755}, "pessoafisicajuridica": {"mean": 0.06722824500946924, "std": 0.005346711883619518}, "nrodefuncionarios": {"mean": 0.47943931816572716, "std": 5.538385443690228}, "rendafamiliarmensal": {"mean": 4093.5740553856517, "std": 84551.93321589968}, "totaldasreceitas": {"mean": 6429.70262981622, "std": 309637.789958119}, "conceitospc": {"mean": 0.06604014606311936, "std": 0.13084899678789746}}