{"situacaodoimovelderesidencia": {"mean": 0.06533138176625085, "std": 0.016674950939299774}, "nropessoasnacasa": {"mean": 2.199421909994066, "std": 2.5538502051479}, "situacaoimoveldeatividade": {"mean": 0.06523643384878841, "std": 0.012271764968864247}, "tipodeponto": {"mean": 0.06667177121418047, "std": 0.004172834685134556}, "formacaoescolar": {"mean": 0.06646170179314563, "std": 0.018714400149603246}, "constituicao": {"mean": 0.06703517231112503, "std": 0.023300166108791764}, "pessoafisicajuridica": {"mean": 0.06655828715015255, "std": 0.007529492404304213}, "nrodefuncionarios": {"mean": 0.3257307478800176, "std": 5.542903698388543}, "rendafamiliarmensal": {"mean": 4092.366399762639, "std": 84551.9388746448}, "totaldasreceitas": {"mean": 6336.929003369002, "std": 309638.1849997611}, "produto": {"mean": 0.06644111866655622, "std": 0.018617137212848314}, "finalidadeemprestimo": {"mean": 0.06803176951213002, "std": 0.020833965952662268}, "valoremprestado": {"mean": 5442.571278306311, "std": 4965.508885155815}, "quantidadeparcelas": {"mean": 14.647661798204476, "std": 8.030702880785812}, "conceitospc": {"mean": 0.06596353607534433, "std": 0.1307517534269678}}